ID	Description	ListCount	ListNames	GeneCount	GeneID
GO:0000027	ribosomal large subunit assembly	1/4	genes3.txt	1	BOP1
GO:0000045	autophagosome assembly	1/4	genes3.txt	1	ATP2A2
GO:0000077	DNA damage checkpoint signaling	1/4	genes2.txt	2	CHEK1/ BRIP1
GO:0000083	regulation of transcription involved in G1/S transition of mitotic cell cycle	1/4	genes3.txt	1	E2F2
GO:0000245	spliceosomal complex assembly	1/4	genes3.txt	1	SRPK1
GO:0000266	mitochondrial fission	1/4	genes3.txt	1	MTFP1
GO:0000289	nuclear-transcribed mRNA poly(A) tail shortening	1/4	genes3.txt	1	CNOT11
GO:0000398	mRNA splicing, via spliceosome	1/4	genes3.txt	1	SNRNP25
GO:0000447	endonucleolytic cleavage in ITS1 to separate SSU-rRNA from 5.8S rRNA and LSU-rRNA from tricistronic rRNA transcript (SSU-rRNA, 5.8S rRNA, LSU-rRNA)	1/4	genes3.txt	1	RPP40
GO:0000463	maturation of LSU-rRNA from tricistronic rRNA transcript (SSU-rRNA, 5.8S rRNA, LSU-rRNA)	1/4	genes3.txt	1	BOP1
GO:0001516	prostaglandin biosynthetic process	2/4	genes1.txt, genes3.txt	2	MIF/ PLA2G4A
GO:0001523	retinoid metabolic process	2/4	genes2.txt, genes4.txt	3	AKR1B10/ AKR1C1/ ABCA4
GO:0001654	eye development	1/4	genes2.txt	1	SOX2
GO:0001655	urogenital system development	2/4	genes1.txt, genes2.txt	2	SRD5A1/ HELLS
GO:0001658	branching involved in ureteric bud morphogenesis	2/4	genes2.txt, genes4.txt	1	SIX1
GO:0001675	acrosome assembly	1/4	genes2.txt	1	KNL1
GO:0001678	intracellular glucose homeostasis	1/4	genes4.txt	1	FOXA3
GO:0001682	tRNA 5'-leader removal	1/4	genes3.txt	1	RPP40
GO:0001707	mesoderm formation	2/4	genes1.txt, genes3.txt	2	GPI/ MESP1
GO:0001755	neural crest cell migration	1/4	genes3.txt	1	SEMA4B
GO:0001756	somitogenesis	1/4	genes4.txt	1	DLL3
GO:0001759	organ induction	2/4	genes2.txt, genes4.txt	1	SIX1
GO:0001771	immunological synapse formation	1/4	genes3.txt	1	CCL19
GO:0001778	plasma membrane repair	2/4	genes3.txt, genes4.txt	1	SYT7
GO:0001783	B cell apoptotic process	2/4	genes1.txt, genes3.txt	1	TNFRSF21
GO:0001818	negative regulation of cytokine production	1/4	genes1.txt	1	LGR4
GO:0001819	positive regulation of cytokine production	2/4	genes1.txt, genes3.txt	2	MIF/ GAPDH
GO:0001835	blastocyst hatching	1/4	genes4.txt	1	ASF1B
GO:0001837	epithelial to mesenchymal transition	1/4	genes2.txt	2	HMGA2/ FAM83D
GO:0001894	tissue homeostasis	2/4	genes1.txt, genes2.txt	1	COL3A1
GO:0001942	hair follicle development	1/4	genes1.txt	1	LGR4
GO:0001952	regulation of cell-matrix adhesion	1/4	genes3.txt	1	THY1
GO:0001953	negative regulation of cell-matrix adhesion	2/4	genes1.txt, genes2.txt	2	POSTN/ CDKN2A
GO:0001954	positive regulation of cell-matrix adhesion	2/4	genes2.txt, genes4.txt	2	JUP/ FERMT1
GO:0002026	regulation of the force of heart contraction	1/4	genes3.txt	1	ATP2A2
GO:0002040	sprouting angiogenesis	1/4	genes2.txt	2	E2F8/ E2F7
GO:0002053	positive regulation of mesenchymal cell proliferation	1/4	genes3.txt	1	STAT1
GO:0002062	chondrocyte differentiation	2/4	genes1.txt, genes2.txt	2	COL3A1/ HMGA2
GO:0002076	osteoblast development	1/4	genes2.txt	1	PTHLH
GO:0002181	cytoplasmic translation	1/4	genes3.txt	1	RPL34
GO:0002230	positive regulation of defense response to virus by host	1/4	genes3.txt	1	STAT1
GO:0002376	immune system process	1/4	genes1.txt	1	KCNN4
GO:0002377	immunoglobulin production	2/4	genes1.txt, genes3.txt	2	IGLV1-44/ VPREB3
GO:0002407	dendritic cell chemotaxis	1/4	genes3.txt	1	CCL19
GO:0002437	inflammatory response to antigenic stimulus	1/4	genes4.txt	1	IL37
GO:0002523	leukocyte migration involved in inflammatory response	1/4	genes4.txt	1	ADAM8
GO:0002548	monocyte chemotaxis	1/4	genes3.txt	1	CCL19
GO:0002639	positive regulation of immunoglobulin production	2/4	genes1.txt, genes3.txt	2	GPI/ MZB1
GO:0002675	positive regulation of acute inflammatory response	1/4	genes4.txt	1	ADAM8
GO:0002682	regulation of immune system process	1/4	genes4.txt	1	PSG1
GO:0002720	positive regulation of cytokine production involved in immune response	2/4	genes1.txt, genes3.txt	2	F2RL1/ SLC7A5
GO:0002755	MyD88-dependent toll-like receptor signaling pathway	1/4	genes1.txt	1	HSPD1
GO:0002827	positive regulation of T-helper 1 type immune response	1/4	genes1.txt	1	PLA2G4A
GO:0003007	heart morphogenesis	2/4	genes1.txt, genes3.txt	2	COL5A1/ MESP1
GO:0003009	skeletal muscle contraction	1/4	genes3.txt	1	JSRP1
GO:0003073	regulation of systemic arterial blood pressure	2/4	genes1.txt, genes2.txt	1	POSTN
GO:0003139	secondary heart field specification	1/4	genes3.txt	1	MESP1
GO:0003151	outflow tract morphogenesis	2/4	genes2.txt, genes4.txt	1	SIX1
GO:0003180	aortic valve morphogenesis	1/4	genes2.txt	1	TWIST1
GO:0003203	endocardial cushion morphogenesis	1/4	genes2.txt	1	TWIST1
GO:0003215	cardiac right ventricle morphogenesis	2/4	genes1.txt, genes3.txt	1	SOX4
GO:0003281	ventricular septum development	1/4	genes4.txt	1	SALL4
GO:0003334	keratinocyte development	1/4	genes4.txt	1	SFN
GO:0003351	epithelial cilium movement involved in extracellular fluid movement	2/4	genes3.txt, genes4.txt	1	CABYR
GO:0003382	epithelial cell morphogenesis	2/4	genes1.txt, genes3.txt	1	CLDN3
GO:0005978	glycogen biosynthetic process	2/4	genes3.txt, genes4.txt	1	GYG2
GO:0006002	fructose 6-phosphate metabolic process	2/4	genes1.txt, genes3.txt	2	PFKP/ GFPT1
GO:0006006	glucose metabolic process	2/4	genes1.txt, genes3.txt	3	SORD/ GAPDH/ PGM2L1
GO:0006024	glycosaminoglycan biosynthetic process	1/4	genes1.txt	1	HS3ST1
GO:0006068	ethanol catabolic process	2/4	genes3.txt, genes4.txt	1	ALDH3B2
GO:0006071	glycerol metabolic process	1/4	genes1.txt	1	PLA2G4A
GO:0006081	cellular aldehyde metabolic process	2/4	genes3.txt, genes4.txt	2	ALDH3B2/ AKR7A3
GO:0006090	pyruvate metabolic process	1/4	genes4.txt	1	PC
GO:0006096	glycolytic process	2/4	genes1.txt, genes3.txt	4	ENO1/ GAPDH/ GPI/ ENO3
GO:0006099	tricarboxylic acid cycle	1/4	genes3.txt	1	IDH2
GO:0006164	purine nucleotide biosynthetic process	1/4	genes2.txt	1	PPAT
GO:0006183	GTP biosynthetic process	2/4	genes1.txt, genes3.txt	2	NME1/ NME4
GO:0006228	UTP biosynthetic process	2/4	genes1.txt, genes3.txt	2	NME1/ NME4
GO:0006241	CTP biosynthetic process	2/4	genes1.txt, genes3.txt	2	NME1/ NME4
GO:0006259	DNA metabolic process	2/4	genes1.txt, genes3.txt	2	NME1/ KPNA2
GO:0006284	base-excision repair	2/4	genes2.txt, genes4.txt	2	HMGA2/ POLQ
GO:0006287	base-excision repair, gap-filling	1/4	genes3.txt	1	FEN1
GO:0006289	nucleotide-excision repair	1/4	genes2.txt	1	BRIP1
GO:0006298	mismatch repair	2/4	genes2.txt, genes4.txt	1	EXO1
GO:0006306	DNA methylation	1/4	genes2.txt	2	EZH2/ HELLS
GO:0006325	chromatin organization	2/4	genes2.txt, genes4.txt	5	SOX2/ HMGA2/ EZH2/ MBTD1/ FOXA3
GO:0006334	nucleosome assembly	2/4	genes2.txt, genes4.txt	2	MCM2/ ASF1B
GO:0006346	DNA methylation-dependent heterochromatin formation	1/4	genes2.txt	1	HELLS
GO:0006364	rRNA processing	1/4	genes3.txt	1	NPM3
GO:0006367	transcription initiation at RNA polymerase II promoter	1/4	genes3.txt	2	E2F2/ E2F3
GO:0006413	translational initiation	1/4	genes1.txt	1	PAIP1
GO:0006446	regulation of translational initiation	1/4	genes1.txt	2	PAIP1/ BZW2
GO:0006469	negative regulation of protein kinase activity	2/4	genes3.txt, genes4.txt	3	THY1/ SFN/ DBNDD1
GO:0006486	protein glycosylation	2/4	genes3.txt, genes4.txt	2	FUT2/ FUT6
GO:0006509	membrane protein ectodomain proteolysis	2/4	genes1.txt, genes3.txt	1	MMP7
GO:0006518	peptide metabolic process	1/4	genes1.txt	1	CPD
GO:0006605	protein targeting	1/4	genes4.txt	1	KCNQ3
GO:0006607	NLS-bearing protein import into nucleus	1/4	genes1.txt	1	KPNA2
GO:0006611	protein export from nucleus	1/4	genes4.txt	1	SFN
GO:0006612	protein targeting to membrane	2/4	genes3.txt, genes4.txt	2	ZDHHC9/ GOLGA7B
GO:0006617	SRP-dependent cotranslational protein targeting to membrane, signal sequence recognition	1/4	genes3.txt	1	SRPRB
GO:0006656	phosphatidylcholine biosynthetic process	1/4	genes2.txt	1	SLC44A5
GO:0006687	glycosphingolipid metabolic process	1/4	genes2.txt	1	UGT8
GO:0006688	glycosphingolipid biosynthetic process	1/4	genes4.txt	1	FUT6
GO:0006693	prostaglandin metabolic process	1/4	genes2.txt	1	AKR1C1
GO:0006694	steroid biosynthetic process	2/4	genes1.txt, genes2.txt	1	SRD5A1
GO:0006730	one-carbon metabolic process	2/4	genes3.txt, genes4.txt	2	SHMT2/ CA9
GO:0006734	NADH metabolic process	1/4	genes4.txt	1	PC
GO:0006739	NADP metabolic process	2/4	genes3.txt, genes4.txt	2	IDH2/ PC
GO:0006749	glutathione metabolic process	2/4	genes1.txt, genes2.txt	1	SLC7A11
GO:0006750	glutathione biosynthetic process	2/4	genes1.txt, genes2.txt	1	GCLC
GO:0006783	heme biosynthetic process	1/4	genes3.txt	1	HMBS
GO:0006813	potassium ion transport	1/4	genes1.txt	1	KCNN4
GO:0006814	sodium ion transport	1/4	genes4.txt	1	SLC5A3
GO:0006816	calcium ion transport	2/4	genes1.txt, genes4.txt	2	KCNN4/ CYP27B1
GO:0006821	chloride transport	2/4	genes3.txt, genes4.txt	2	TTYH3/ ANO9
GO:0006825	copper ion transport	2/4	genes1.txt, genes4.txt	1	CP
GO:0006826	iron ion transport	2/4	genes1.txt, genes4.txt	1	CP
GO:0006836	neurotransmitter transport	2/4	genes2.txt, genes4.txt	2	SLC6A8/ SLC29A4
GO:0006855	xenobiotic transmembrane transport	1/4	genes1.txt	1	ABCC3
GO:0006869	lipid transport	2/4	genes3.txt, genes4.txt	2	NME4/ ABCA4
GO:0006874	intracellular calcium ion homeostasis	1/4	genes3.txt	2	CCL19/ ATP2A2
GO:0006884	cell volume homeostasis	1/4	genes1.txt	1	KCNN4
GO:0006887	exocytosis	2/4	genes3.txt, genes4.txt	1	STX1A
GO:0006888	endoplasmic reticulum to Golgi vesicle-mediated transport	2/4	genes1.txt, genes3.txt	3	KDELR2/ KDELR3/ TMED3
GO:0006890	retrograde vesicle-mediated transport, Golgi to endoplasmic reticulum	2/4	genes1.txt, genes3.txt	2	KDELR2/ KDELR3
GO:0006897	endocytosis	2/4	genes1.txt, genes3.txt	2	NME1/ OCIAD2
GO:0006898	receptor-mediated endocytosis	2/4	genes2.txt, genes4.txt	1	HMMR
GO:0006906	vesicle fusion	2/4	genes3.txt, genes4.txt	1	SYT7
GO:0006909	phagocytosis	2/4	genes3.txt, genes4.txt	2	SYT7/ EIF2AK1
GO:0006935	chemotaxis	2/4	genes1.txt, genes3.txt	3	PLAU/ CXCL14/ CXCL9
GO:0006936	muscle contraction	1/4	genes2.txt	1	SLC6A8
GO:0006952	defense response	2/4	genes1.txt, genes3.txt	4	KCNN4/ CXCL9/ STAT1/ MX2
GO:0006953	acute-phase response	1/4	genes2.txt	1	UGT1A1
GO:0006956	complement activation	1/4	genes3.txt	1	CFB
GO:0006957	complement activation, alternative pathway	1/4	genes3.txt	1	CFB
GO:0006958	complement activation, classical pathway	2/4	genes1.txt, genes2.txt	2	IGHM/ IGHA1
GO:0006959	humoral immune response	2/4	genes1.txt, genes3.txt	3	TNFRSF21/ POU2AF1/ GPI
GO:0006968	cellular defense response	1/4	genes3.txt	1	CXCL9
GO:0006970	response to osmotic stress	1/4	genes4.txt	1	MARVELD3
GO:0006977	DNA damage response, signal transduction by p53 class mediator resulting in cell cycle arrest	1/4	genes2.txt	1	GTSE1
GO:0006978	DNA damage response, signal transduction by p53 class mediator resulting in transcription of p21 class mediator	2/4	genes2.txt, genes4.txt	1	FOXM1
GO:0007005	mitochondrion organization	1/4	genes3.txt	1	PARP1
GO:0007009	plasma membrane organization	1/4	genes4.txt	1	BAIAP2L2
GO:0007015	actin filament organization	1/4	genes3.txt	1	MARCKSL1
GO:0007017	microtubule-based process	2/4	genes2.txt, genes3.txt	2	TUBB2B/ GTSE1
GO:0007019	microtubule depolymerization	2/4	genes2.txt, genes4.txt	2	KIF2C/ KIF18B
GO:0007030	Golgi organization	2/4	genes3.txt, genes4.txt	3	TMED3/ HOOK1/ GOLGA8A
GO:0007032	endosome organization	2/4	genes1.txt, genes4.txt	2	LAPTM4B/ HOOK1
GO:0007040	lysosome organization	2/4	genes1.txt, genes4.txt	2	TMEM106B/ HOOK1
GO:0007041	lysosomal transport	1/4	genes1.txt	1	TMEM106B
GO:0007042	lysosomal lumen acidification	1/4	genes1.txt	1	TMEM106B
GO:0007154	cell communication	2/4	genes2.txt, genes3.txt	2	OIP5/ CCL19
GO:0007159	leukocyte cell-cell adhesion	1/4	genes4.txt	1	CERCAM
GO:0007173	epidermal growth factor receptor signaling pathway	2/4	genes3.txt, genes4.txt	1	FAM83A
GO:0007175	negative regulation of epidermal growth factor-activated receptor activity	1/4	genes4.txt	1	CBLC
GO:0007187	G protein-coupled receptor signaling pathway, coupled to cyclic nucleotide second messenger	1/4	genes4.txt	1	SSTR2
GO:0007190	activation of adenylate cyclase activity	1/4	genes1.txt	1	LGR4
GO:0007193	adenylate cyclase-inhibiting G protein-coupled receptor signaling pathway	1/4	genes4.txt	2	GPR37/ SSTR2
GO:0007200	phospholipase C-activating G protein-coupled receptor signaling pathway	1/4	genes1.txt	1	F2RL1
GO:0007250	activation of NF-kappaB-inducing kinase activity	1/4	genes1.txt	1	CHI3L1
GO:0007259	receptor signaling pathway via JAK-STAT	1/4	genes3.txt	1	STAT1
GO:0007265	Ras protein signal transduction	2/4	genes2.txt, genes4.txt	3	CCNA2/ CDKN2A/ RALGPS2
GO:0007268	chemical synaptic transmission	2/4	genes3.txt, genes4.txt	3	HTR3A/ PCDHB9/ KCNQ3
GO:0007369	gastrulation	1/4	genes3.txt	1	MESP1
GO:0007389	pattern specification process	2/4	genes2.txt, genes4.txt	1	SIX1
GO:0007398	ectoderm development	1/4	genes2.txt	1	KRT6B
GO:0007405	neuroblast proliferation	1/4	genes2.txt	1	RACGAP1
GO:0007413	axonal fasciculation	2/4	genes1.txt, genes3.txt	1	TNFRSF21
GO:0007416	synapse assembly	2/4	genes1.txt, genes4.txt	3	CDH1/ ADGRF1/ PCDHB9
GO:0007422	peripheral nervous system development	2/4	genes2.txt, genes4.txt	2	UGT8/ SLC5A3
GO:0007520	myoblast fusion	1/4	genes2.txt	1	ADAM12
GO:0007528	neuromuscular junction development	1/4	genes1.txt	1	TNC
GO:0007586	digestion	2/4	genes2.txt, genes4.txt	2	AKR1C1/ CLPSL2
GO:0007611	learning or memory	1/4	genes1.txt	1	GPI
GO:0007613	memory	2/4	genes3.txt, genes4.txt	2	FEN1/ ADGRF1
GO:0007628	adult walking behavior	1/4	genes2.txt	1	UCHL1
GO:0008015	blood circulation	1/4	genes3.txt	1	STAT1
GO:0008033	tRNA processing	1/4	genes3.txt	1	LAGE3
GO:0008089	anterograde axonal transport	2/4	genes2.txt, genes4.txt	2	KIF4A/ KIF1A
GO:0008090	retrograde axonal transport	1/4	genes2.txt	1	DST
GO:0008156	negative regulation of DNA replication	2/4	genes1.txt, genes2.txt	2	GMNN/ CDC6
GO:0008202	steroid metabolic process	1/4	genes2.txt	1	UGT1A1
GO:0008206	bile acid metabolic process	1/4	genes2.txt	1	AKR1C1
GO:0008210	estrogen metabolic process	1/4	genes2.txt	2	UGT1A3/ UGT1A1
GO:0008272	sulfate transport	1/4	genes2.txt	1	RACGAP1
GO:0008333	endosome to lysosome transport	1/4	genes4.txt	1	HOOK1
GO:0008360	regulation of cell shape	1/4	genes2.txt	1	COCH
GO:0008380	RNA splicing	1/4	genes3.txt	2	SRPK1/ SNRNP25
GO:0008542	visual learning	2/4	genes1.txt, genes2.txt	1	SLC7A11
GO:0008593	regulation of Notch signaling pathway	2/4	genes1.txt, genes2.txt	1	POSTN
GO:0008630	intrinsic apoptotic signaling pathway in response to DNA damage	1/4	genes4.txt	1	SFN
GO:0008637	apoptotic mitochondrial changes	2/4	genes1.txt, genes3.txt	2	HSPD1/ PIM2
GO:0009101	glycoprotein biosynthetic process	1/4	genes4.txt	1	B3GNT6
GO:0009303	rRNA transcription	1/4	genes3.txt	1	NPM3
GO:0009311	oligosaccharide metabolic process	1/4	genes4.txt	1	FUT3
GO:0009312	oligosaccharide biosynthetic process	2/4	genes3.txt, genes4.txt	3	FUT2/ FUT3/ FUT6
GO:0009314	response to radiation	2/4	genes1.txt, genes2.txt	1	COL3A1
GO:0009408	response to heat	2/4	genes1.txt, genes2.txt	1	GCLC
GO:0009409	response to cold	1/4	genes1.txt	1	HSPD1
GO:0009411	response to UV	1/4	genes2.txt	1	DTL
GO:0009617	response to bacterium	1/4	genes3.txt	2	OCIAD2/ CFB
GO:0009650	UV protection	1/4	genes3.txt	1	FEN1
GO:0009952	anterior/posterior pattern specification	2/4	genes2.txt, genes3.txt	2	HOXC6/ HES6
GO:0009972	cytidine deamination	1/4	genes1.txt	1	APOBEC3B
GO:0010001	glial cell differentiation	1/4	genes1.txt	1	VCAN
GO:0010033	response to organic substance	2/4	genes1.txt, genes3.txt	1	S100P
GO:0010035	response to inorganic substance	1/4	genes3.txt	1	ATIC
GO:0010332	response to gamma radiation	1/4	genes3.txt	1	PARP1
GO:0010460	positive regulation of heart rate	1/4	genes3.txt	1	ATP2A2
GO:0010498	proteasomal protein catabolic process	1/4	genes1.txt	1	PMAIP1
GO:0010508	positive regulation of autophagy	1/4	genes3.txt	1	PIM2
GO:0010526	retrotransposon silencing	1/4	genes1.txt	1	APOBEC3B
GO:0010564	regulation of cell cycle process	1/4	genes2.txt	1	HMGA2
GO:0010569	regulation of double-strand break repair via homologous recombination	2/4	genes2.txt, genes3.txt	2	RAD51AP1/ CHEK1
GO:0010572	positive regulation of platelet activation	1/4	genes1.txt	1	PLA2G4A
GO:0010595	positive regulation of endothelial cell migration	1/4	genes1.txt	1	GPI
GO:0010613	positive regulation of cardiac muscle hypertrophy	1/4	genes3.txt	1	PARP1
GO:0010614	negative regulation of cardiac muscle hypertrophy	1/4	genes1.txt	1	MLIP
GO:0010633	negative regulation of epithelial cell migration	2/4	genes2.txt, genes4.txt	2	PFN2/ MARVELD3
GO:0010666	positive regulation of cardiac muscle cell apoptotic process	1/4	genes3.txt	1	ATP2A2
GO:0010669	epithelial structure maintenance	1/4	genes4.txt	1	LSR
GO:0010719	negative regulation of epithelial to mesenchymal transition	1/4	genes3.txt	1	FOXA1
GO:0010737	protein kinase A signaling	1/4	genes4.txt	1	SFN
GO:0010739	positive regulation of protein kinase A signaling	2/4	genes1.txt, genes3.txt	1	MIF
GO:0010800	positive regulation of peptidyl-threonine phosphorylation	2/4	genes1.txt, genes3.txt	2	CHI3L1/ CEMIP
GO:0010804	negative regulation of tumor necrosis factor-mediated signaling pathway	1/4	genes1.txt	1	F2RL1
GO:0010811	positive regulation of cell-substrate adhesion	2/4	genes1.txt, genes3.txt	1	AGR2
GO:0010839	negative regulation of keratinocyte proliferation	1/4	genes4.txt	1	SFN
GO:0010917	negative regulation of mitochondrial membrane potential	1/4	genes1.txt	1	PMAIP1
GO:0010936	negative regulation of macrophage cytokine production	1/4	genes2.txt	1	TWIST1
GO:0010954	positive regulation of protein processing	1/4	genes4.txt	1	ADAM8
GO:0010955	negative regulation of protein processing	1/4	genes3.txt	1	SERPINE2
GO:0014009	glial cell proliferation	2/4	genes1.txt, genes3.txt	1	SOX4
GO:0014033	neural crest cell differentiation	2/4	genes2.txt, genes4.txt	1	SIX1
GO:0014059	regulation of dopamine secretion	2/4	genes3.txt, genes4.txt	1	SYT7
GO:0014898	cardiac muscle hypertrophy in response to stress	2/4	genes2.txt, genes3.txt	2	EZH2/ ATP2A2
GO:0014911	positive regulation of smooth muscle cell migration	2/4	genes1.txt, genes2.txt	1	POSTN
GO:0015671	oxygen transport	2/4	genes3.txt, genes4.txt	1	MB
GO:0015695	organic cation transport	1/4	genes4.txt	1	SLC29A4
GO:0015718	monocarboxylic acid transport	1/4	genes1.txt	1	SLC16A3
GO:0015721	bile acid and bile salt transport	2/4	genes1.txt, genes2.txt	2	ABCC3/ AKR1C1
GO:0015804	neutral amino acid transport	2/4	genes1.txt, genes3.txt	1	SLC7A5
GO:0015813	L-glutamate transmembrane transport	2/4	genes1.txt, genes2.txt	1	SLC7A11
GO:0015820	leucine transport	2/4	genes1.txt, genes3.txt	1	SLC7A5
GO:0015824	proline transport	2/4	genes1.txt, genes3.txt	1	SLC7A5
GO:0016079	synaptic vesicle exocytosis	2/4	genes3.txt, genes4.txt	1	STX1A
GO:0016192	vesicle-mediated transport	1/4	genes4.txt	1	KIF1A
GO:0016226	iron-sulfur cluster assembly	2/4	genes3.txt, genes4.txt	2	BOLA2/ XDH
GO:0016236	macroautophagy	1/4	genes3.txt	1	PIM2
GO:0016239	positive regulation of macroautophagy	1/4	genes3.txt	1	PIM2
GO:0016311	dephosphorylation	2/4	genes1.txt, genes2.txt	1	CDKN3
GO:0016322	neuron remodeling	1/4	genes4.txt	1	KCNQ3
GO:0016358	dendrite development	1/4	genes4.txt	2	IGSF9/ GPR37
GO:0016446	somatic hypermutation of immunoglobulin genes	2/4	genes2.txt, genes4.txt	2	EXO1/ POLQ
GO:0016540	protein autoprocessing	2/4	genes3.txt, genes4.txt	2	PARP1/ F12
GO:0016554	cytidine to uridine editing	1/4	genes1.txt	1	APOBEC3B
GO:0016579	protein deubiquitination	1/4	genes2.txt	1	UCHL1
GO:0017156	calcium-ion regulated exocytosis	2/4	genes3.txt, genes4.txt	1	STX1A
GO:0017157	regulation of exocytosis	1/4	genes4.txt	1	RAB26
GO:0017158	regulation of calcium ion-dependent exocytosis	2/4	genes3.txt, genes4.txt	1	SYT7
GO:0018230	peptidyl-L-cysteine S-palmitoylation	2/4	genes3.txt, genes4.txt	2	ZDHHC9/ GOLGA7B
GO:0018345	protein palmitoylation	1/4	genes3.txt	1	ZDHHC9
GO:0019076	viral release from host cell	1/4	genes4.txt	1	PC
GO:0019221	cytokine-mediated signaling pathway	1/4	genes4.txt	1	IL37
GO:0019228	neuronal action potential	1/4	genes4.txt	1	KCNQ3
GO:0019369	arachidonic acid metabolic process	1/4	genes1.txt	1	PLA2G4A
GO:0019370	leukotriene biosynthetic process	1/4	genes1.txt	1	PLA2G4A
GO:0019731	antibacterial humoral response	2/4	genes1.txt, genes2.txt	3	IGHM/ IGHA1/ WFDC2
GO:0019896	axonal transport of mitochondrion	1/4	genes2.txt	1	UCHL1
GO:0019985	translesion synthesis	1/4	genes2.txt	1	DTL
GO:0021549	cerebellum development	2/4	genes3.txt, genes4.txt	2	ATIC/ SSTR2
GO:0021675	nerve development	1/4	genes4.txt	1	KCNQ3
GO:0021756	striatum development	2/4	genes1.txt, genes2.txt	1	SLC7A11
GO:0021766	hippocampus development	2/4	genes1.txt, genes2.txt	3	SRD5A1/ KIF14/ EZH2
GO:0021772	olfactory bulb development	1/4	genes2.txt	1	KIF14
GO:0021794	thalamus development	2/4	genes1.txt, genes2.txt	1	SRD5A1
GO:0021819	layer formation in cerebral cortex	2/4	genes1.txt, genes2.txt	1	COL3A1
GO:0021846	cell proliferation in forebrain	1/4	genes2.txt	1	KIF14
GO:0021854	hypothalamus development	2/4	genes1.txt, genes2.txt	1	SRD5A1
GO:0021904	dorsal/ventral neural tube patterning	1/4	genes3.txt	1	FOXA1
GO:0022008	neurogenesis	1/4	genes3.txt	1	MESP1
GO:0022407	regulation of cell-cell adhesion	1/4	genes4.txt	1	ADAM8
GO:0022408	negative regulation of cell-cell adhesion	1/4	genes1.txt	1	CDH1
GO:0022409	positive regulation of cell-cell adhesion	2/4	genes2.txt, genes4.txt	3	SOX2/ KIF26B/ FUT3
GO:0022604	regulation of cell morphogenesis	2/4	genes1.txt, genes3.txt	2	CLDN3/ CLDN4
GO:0023019	signal transduction involved in regulation of gene expression	2/4	genes1.txt, genes3.txt	3	EPCAM/ MESP1/ PARP1
GO:0030010	establishment of cell polarity	2/4	genes2.txt, genes4.txt	1	KIF26B
GO:0030073	insulin secretion	2/4	genes3.txt, genes4.txt	1	STX1A
GO:0030193	regulation of blood coagulation	1/4	genes1.txt	1	F2RL1
GO:0030194	positive regulation of blood coagulation	2/4	genes3.txt, genes4.txt	1	F12
GO:0030195	negative regulation of blood coagulation	1/4	genes3.txt	1	SERPINE2
GO:0030217	T cell differentiation	2/4	genes1.txt, genes3.txt	1	SOX4
GO:0030218	erythrocyte differentiation	1/4	genes2.txt	1	RACGAP1
GO:0030219	megakaryocyte differentiation	1/4	genes3.txt	1	TESC
GO:0030238	male sex determination	2/4	genes3.txt, genes4.txt	1	SIX4
GO:0030277	maintenance of gastrointestinal epithelium	2/4	genes1.txt, genes4.txt	1	MUC4
GO:0030299	intestinal cholesterol absorption	1/4	genes2.txt	1	AKR1C1
GO:0030307	positive regulation of cell growth	2/4	genes2.txt, genes4.txt	2	KRT17/ SFN
GO:0030317	flagellated sperm motility	1/4	genes1.txt	1	SORD
GO:0030322	stabilization of membrane potential	2/4	genes1.txt, genes4.txt	2	KCNN4/ KCNK12
GO:0030432	peristalsis	1/4	genes4.txt	1	SSTR2
GO:0030511	positive regulation of transforming growth factor beta receptor signaling pathway	2/4	genes2.txt, genes4.txt	1	FERMT1
GO:0030517	negative regulation of axon extension	1/4	genes1.txt	1	CDH1
GO:0030534	adult behavior	2/4	genes1.txt, genes2.txt	1	SLC7A11
GO:0030539	male genitalia development	2/4	genes1.txt, genes2.txt	2	SRD5A1/ LGR4
GO:0030643	intracellular phosphate ion homeostasis	1/4	genes3.txt	1	XPR1
GO:0030705	cytoskeleton-dependent intracellular transport	1/4	genes4.txt	2	HOOK1/ KIF1A
GO:0030833	regulation of actin filament polymerization	1/4	genes2.txt	1	PFN2
GO:0030837	negative regulation of actin filament polymerization	1/4	genes2.txt	1	PFN2
GO:0030838	positive regulation of actin filament polymerization	2/4	genes2.txt, genes4.txt	2	PFN2/ BAIAP2L2
GO:0030878	thyroid gland development	2/4	genes2.txt, genes4.txt	1	SIX1
GO:0030889	negative regulation of B cell proliferation	2/4	genes1.txt, genes3.txt	1	TNFRSF21
GO:0030890	positive regulation of B cell proliferation	2/4	genes1.txt, genes3.txt	1	MIF
GO:0030968	endoplasmic reticulum unfolded protein response	2/4	genes2.txt, genes3.txt	1	ERO1A
GO:0031018	endocrine pancreas development	2/4	genes1.txt, genes3.txt	1	SOX4
GO:0031047	regulatory ncRNA-mediated gene silencing	1/4	genes3.txt	1	CNOT11
GO:0031069	hair follicle morphogenesis	1/4	genes2.txt	1	KRT17
GO:0031122	cytoplasmic microtubule organization	1/4	genes4.txt	1	HOOK1
GO:0031274	positive regulation of pseudopodium assembly	1/4	genes1.txt	1	F2RL1
GO:0031293	membrane protein intracellular domain proteolysis	2/4	genes1.txt, genes3.txt	1	MMP7
GO:0031398	positive regulation of protein ubiquitination	1/4	genes2.txt	1	FANCI
GO:0031507	heterochromatin formation	2/4	genes2.txt, genes4.txt	3	UHRF1/ HMGA2/ EZH2
GO:0031629	synaptic vesicle fusion to presynaptic active zone membrane	2/4	genes3.txt, genes4.txt	1	STX1A
GO:0031638	zymogen activation	2/4	genes3.txt, genes4.txt	1	F12
GO:0031639	plasminogen activation	2/4	genes1.txt, genes3.txt	1	PLAU
GO:0031641	regulation of myelination	1/4	genes2.txt	1	KIF14
GO:0031666	positive regulation of lipopolysaccharide-mediated signaling pathway	2/4	genes1.txt, genes3.txt	1	MIF
GO:0032000	positive regulation of fatty acid beta-oxidation	1/4	genes2.txt	1	TWIST1
GO:0032006	regulation of TOR signaling	1/4	genes2.txt	1	FAM83D
GO:0032024	positive regulation of insulin secretion	2/4	genes1.txt, genes3.txt	1	SOX4
GO:0032088	negative regulation of NF-kappaB transcription factor activity	1/4	genes2.txt	1	CDKN2A
GO:0032094	response to food	1/4	genes4.txt	1	CLPSL2
GO:0032233	positive regulation of actin filament bundle assembly	1/4	genes2.txt	1	PFN2
GO:0032308	positive regulation of prostaglandin secretion	1/4	genes1.txt	1	PLA2G4A
GO:0032418	lysosome localization	1/4	genes1.txt	1	TMEM106B
GO:0032435	negative regulation of proteasomal ubiquitin-dependent protein catabolic process	2/4	genes1.txt, genes2.txt	1	PBK
GO:0032469	endoplasmic reticulum calcium ion homeostasis	1/4	genes3.txt	1	ATP2A2
GO:0032481	positive regulation of type I interferon production	2/4	genes1.txt, genes3.txt	1	GAPDH
GO:0032502	developmental process	1/4	genes2.txt	1	TWIST1
GO:0032525	somite rostral/caudal axis specification	1/4	genes3.txt	1	MESP1
GO:0032543	mitochondrial translation	1/4	genes3.txt	1	MRPS12
GO:0032682	negative regulation of chemokine production	1/4	genes1.txt	1	F2RL1
GO:0032693	negative regulation of interleukin-10 production	2/4	genes1.txt, genes3.txt	1	TNFRSF21
GO:0032715	negative regulation of interleukin-6 production	1/4	genes4.txt	1	IL37
GO:0032720	negative regulation of tumor necrosis factor production	2/4	genes2.txt, genes4.txt	2	TWIST1/ IL37
GO:0032722	positive regulation of chemokine production	1/4	genes1.txt	1	F2RL1
GO:0032725	positive regulation of granulocyte macrophage colony-stimulating factor production	1/4	genes4.txt	1	PAEP
GO:0032729	positive regulation of type II interferon production	2/4	genes1.txt, genes3.txt	3	F2RL1/ HSPD1/ SLC7A5
GO:0032731	positive regulation of interleukin-1 beta production	2/4	genes1.txt, genes3.txt	2	F2RL1/ CCL19
GO:0032732	positive regulation of interleukin-1 production	1/4	genes1.txt	1	IGHD
GO:0032733	positive regulation of interleukin-10 production	1/4	genes1.txt	2	F2RL1/ HSPD1
GO:0032740	positive regulation of interleukin-17 production	2/4	genes1.txt, genes3.txt	1	SLC7A5
GO:0032753	positive regulation of interleukin-4 production	2/4	genes1.txt, genes3.txt	1	SLC7A5
GO:0032755	positive regulation of interleukin-6 production	2/4	genes1.txt, genes2.txt	4	POU2AF1/ F2RL1/ HSPD1/ TWIST1
GO:0032757	positive regulation of interleukin-8 production	1/4	genes1.txt	2	CHI3L1/ F2RL1
GO:0032781	positive regulation of ATP-dependent activity	1/4	genes2.txt	1	PFN2
GO:0032786	positive regulation of DNA-templated transcription, elongation	1/4	genes3.txt	1	PARP1
GO:0032790	ribosome disassembly	1/4	genes4.txt	1	DENR
GO:0032870	cellular response to hormone stimulus	1/4	genes1.txt	1	IGFBP2
GO:0032922	circadian regulation of gene expression	2/4	genes1.txt, genes3.txt	3	GFPT1/ LGR4/ MAGED1
GO:0032930	positive regulation of superoxide anion generation	1/4	genes1.txt	1	F2RL1
GO:0032940	secretion by cell	2/4	genes3.txt, genes4.txt	2	SERPINE2/ STX1A
GO:0032956	regulation of actin cytoskeleton organization	1/4	genes3.txt	1	ARHGEF19
GO:0032958	inositol phosphate biosynthetic process	2/4	genes3.txt, genes4.txt	1	ITPKA
GO:0033089	positive regulation of T cell differentiation in thymus	1/4	genes4.txt	1	ADAM8
GO:0033148	positive regulation of intracellular estrogen receptor signaling pathway	1/4	genes3.txt	2	FOXA1/ PARP1
GO:0033209	tumor necrosis factor-mediated signaling pathway	2/4	genes1.txt, genes3.txt	3	KRT8/ TXNDC17/ STAT1
GO:0033314	mitotic DNA replication checkpoint signaling	1/4	genes2.txt	1	CDC6
GO:0033554	cellular response to stress	2/4	genes1.txt, genes3.txt	1	PRDX4
GO:0033619	membrane protein proteolysis	1/4	genes4.txt	1	TMPRSS6
GO:0033622	integrin activation	1/4	genes3.txt	1	MZB1
GO:0033628	regulation of cell adhesion mediated by integrin	2/4	genes1.txt, genes3.txt	2	PLAU/ TESC
GO:0033630	positive regulation of cell adhesion mediated by integrin	2/4	genes2.txt, genes4.txt	1	FERMT1
GO:0033762	response to glucagon	2/4	genes2.txt, genes4.txt	1	CCNA2
GO:0034101	erythrocyte homeostasis	1/4	genes1.txt	1	GPI
GO:0034113	heterotypic cell-cell adhesion	2/4	genes1.txt, genes3.txt	2	PERP/ THY1
GO:0034145	positive regulation of toll-like receptor 4 signaling pathway	1/4	genes1.txt	1	F2RL1
GO:0034220	monoatomic ion transmembrane transport	2/4	genes3.txt, genes4.txt	4	HTR3A/ ATP2A2/ TTYH3/ ANO9
GO:0034244	negative regulation of transcription elongation by RNA polymerase II	2/4	genes2.txt, genes3.txt	2	EZH2/ PARP1
GO:0034446	substrate adhesion-dependent cell spreading	1/4	genes2.txt	1	KIF14
GO:0034551	mitochondrial respiratory chain complex III assembly	1/4	genes3.txt	1	UQCC2
GO:0034612	response to tumor necrosis factor	2/4	genes1.txt, genes3.txt	2	UBD/ CHI3L1
GO:0034638	phosphatidylcholine catabolic process	1/4	genes1.txt	1	PLA2G4A
GO:0034755	iron ion transmembrane transport	2/4	genes1.txt, genes3.txt	2	STEAP1/ LCN2
GO:0034765	regulation of monoatomic ion transmembrane transport	2/4	genes3.txt, genes4.txt	3	CLIC6/ KCNK12/ KCNQ3
GO:0034975	protein folding in endoplasmic reticulum	2/4	genes2.txt, genes3.txt	1	ERO1A
GO:0035092	sperm DNA condensation	1/4	genes3.txt	1	SRPK1
GO:0035307	positive regulation of protein dephosphorylation	1/4	genes2.txt	1	CDCA2
GO:0035435	phosphate ion transmembrane transport	1/4	genes3.txt	1	XPR1
GO:0035455	response to interferon-alpha	1/4	genes3.txt	1	MX2
GO:0035456	response to interferon-beta	1/4	genes3.txt	1	STAT1
GO:0035458	cellular response to interferon-beta	1/4	genes3.txt	1	STAT1
GO:0035589	G protein-coupled purinergic nucleotide receptor signaling pathway	2/4	genes1.txt, genes2.txt	1	GPR87
GO:0035725	sodium ion transmembrane transport	1/4	genes2.txt	1	SLC6A8
GO:0035729	cellular response to hepatocyte growth factor stimulus	2/4	genes1.txt, genes2.txt	1	GCLC
GO:0035825	homologous recombination	2/4	genes2.txt, genes4.txt	2	UHRF1/ BRIP1
GO:0035902	response to immobilization stress	2/4	genes1.txt, genes2.txt	2	GPI/ UGT8
GO:0035909	aorta morphogenesis	2/4	genes2.txt, genes4.txt	1	SIX1
GO:0035994	response to muscle stretch	1/4	genes1.txt	1	GPI
GO:0036065	fucosylation	2/4	genes3.txt, genes4.txt	2	FUT2/ FUT3
GO:0036120	cellular response to platelet-derived growth factor stimulus	2/4	genes2.txt, genes4.txt	1	CCNA2
GO:0036151	phosphatidylcholine acyl-chain remodeling	1/4	genes1.txt	1	PLA2G4A
GO:0036297	interstrand cross-link repair	2/4	genes2.txt, genes3.txt	2	FANCI/ RAD51AP1
GO:0036465	synaptic vesicle recycling	2/4	genes3.txt, genes4.txt	1	SYT7
GO:0036503	ERAD pathway	1/4	genes1.txt	1	SEL1L2
GO:0040015	negative regulation of multicellular organism growth	1/4	genes1.txt	1	GDF15
GO:0040029	epigenetic regulation of gene expression	2/4	genes2.txt, genes4.txt	1	UHRF1
GO:0042026	protein refolding	1/4	genes1.txt	1	HSPD1
GO:0042059	negative regulation of epidermal growth factor receptor signaling pathway	1/4	genes4.txt	1	CBLC
GO:0042100	B cell proliferation	2/4	genes1.txt, genes3.txt	2	HSPD1/ CD79A
GO:0042102	positive regulation of T cell proliferation	1/4	genes3.txt	1	CCL19
GO:0042110	T cell activation	1/4	genes1.txt	1	HSPD1
GO:0042113	B cell activation	2/4	genes1.txt, genes3.txt	2	HSPD1/ CD79A
GO:0042119	neutrophil activation	1/4	genes1.txt	1	F2RL1
GO:0042130	negative regulation of T cell proliferation	2/4	genes1.txt, genes3.txt	1	TNFRSF21
GO:0042176	regulation of protein catabolic process	1/4	genes2.txt	1	FAM83D
GO:0042254	ribosome biogenesis	1/4	genes3.txt	1	BOP1
GO:0042308	negative regulation of protein import into nucleus	2/4	genes2.txt, genes4.txt	1	FERMT1
GO:0042311	vasodilation	1/4	genes1.txt	1	F2RL1
GO:0042326	negative regulation of phosphorylation	1/4	genes2.txt	1	CDKN2A
GO:0042327	positive regulation of phosphorylation	2/4	genes1.txt, genes3.txt	1	MIF
GO:0042359	vitamin D metabolic process	2/4	genes1.txt, genes4.txt	2	CYP24A1/ CYP27B1
GO:0042391	regulation of membrane potential	2/4	genes3.txt, genes4.txt	1	HTR3A
GO:0042445	hormone metabolic process	1/4	genes3.txt	1	FOXA1
GO:0042448	progesterone metabolic process	2/4	genes1.txt, genes2.txt	2	SRD5A1/ AKR1C1
GO:0042474	middle ear morphogenesis	2/4	genes2.txt, genes4.txt	1	SIX1
GO:0042475	odontogenesis of dentin-containing tooth	1/4	genes1.txt	1	TNC
GO:0042552	myelination	2/4	genes1.txt, genes3.txt	1	TNFRSF21
GO:0042572	retinol metabolic process	2/4	genes2.txt, genes4.txt	1	AKR1B10
GO:0042574	retinal metabolic process	2/4	genes2.txt, genes4.txt	2	AKR1C1/ ABCA4
GO:0042593	glucose homeostasis	2/4	genes1.txt, genes3.txt	3	SOX4/ GPI/ FOXA1
GO:0042633	hair cycle	1/4	genes2.txt	1	KRT14
GO:0042733	embryonic digit morphogenesis	1/4	genes2.txt	1	TWIST1
GO:0042744	hydrogen peroxide catabolic process	2/4	genes1.txt, genes3.txt	1	PRDX4
GO:0042755	eating behavior	1/4	genes2.txt	1	UCHL1
GO:0042770	signal transduction in response to DNA damage	1/4	genes2.txt	1	CHEK1
GO:0043001	Golgi to plasma membrane protein transport	1/4	genes4.txt	1	RAB26
GO:0043011	myeloid dendritic cell differentiation	2/4	genes1.txt, genes3.txt	1	UBD
GO:0043030	regulation of macrophage activation	2/4	genes1.txt, genes3.txt	1	MIF
GO:0043032	positive regulation of macrophage activation	1/4	genes1.txt	2	PLA2G4A/ HSPD1
GO:0043085	positive regulation of catalytic activity	1/4	genes4.txt	1	SLC5A3
GO:0043086	negative regulation of catalytic activity	2/4	genes1.txt, genes3.txt	1	TIMP1
GO:0043087	regulation of GTPase activity	2/4	genes3.txt, genes4.txt	1	PROM2
GO:0043113	receptor clustering	1/4	genes3.txt	1	THY1
GO:0043122	regulation of canonical NF-kappaB signal transduction	1/4	genes1.txt	1	F2RL1
GO:0043124	negative regulation of canonical NF-kappaB signal transduction	2/4	genes2.txt, genes3.txt	2	TRIM59/ STAT1
GO:0043154	negative regulation of cysteine-type endopeptidase activity involved in apoptotic process	1/4	genes4.txt	1	SFN
GO:0043254	regulation of protein-containing complex assembly	2/4	genes2.txt, genes4.txt	1	HJURP
GO:0043280	positive regulation of cysteine-type endopeptidase activity involved in apoptotic process	1/4	genes1.txt	1	PMAIP1
GO:0043392	negative regulation of DNA binding	1/4	genes2.txt	1	HMGA2
GO:0043407	negative regulation of MAP kinase activity	2/4	genes2.txt, genes4.txt	2	UCHL1/ CBLC
GO:0043433	negative regulation of DNA-binding transcription factor activity	1/4	genes3.txt	1	HES6
GO:0043434	response to peptide hormone	2/4	genes1.txt, genes3.txt	2	TIMP1/ STAT1
GO:0043484	regulation of RNA splicing	1/4	genes1.txt	1	AHNAK2
GO:0043507	positive regulation of JUN kinase activity	1/4	genes3.txt	1	CCL19
GO:0043517	positive regulation of DNA damage response, signal transduction by p53 class mediator	1/4	genes1.txt	1	PMAIP1
GO:0043537	negative regulation of blood vessel endothelial cell migration	1/4	genes2.txt	1	JUP
GO:0043552	positive regulation of phosphatidylinositol 3-kinase activity	1/4	genes3.txt	2	CD19/ CCL19
GO:0043616	keratinocyte proliferation	2/4	genes2.txt, genes4.txt	2	FERMT1/ SFN
GO:0043922	negative regulation by host of viral transcription	1/4	genes2.txt	1	HMGA2
GO:0044030	regulation of DNA methylation	1/4	genes3.txt	1	PARP1
GO:0044571	[2Fe-2S] cluster assembly	1/4	genes3.txt	1	BOLA2
GO:0044598	doxorubicin metabolic process	2/4	genes2.txt, genes4.txt	2	AKR1B10/ AKR1C1
GO:0044818	mitotic G2/M transition checkpoint	1/4	genes2.txt	1	CHEK1
GO:0045022	early endosome to late endosome transport	1/4	genes4.txt	1	HOOK1
GO:0045047	protein targeting to ER	1/4	genes3.txt	1	SRPRB
GO:0045055	regulated exocytosis	1/4	genes4.txt	1	RAB26
GO:0045070	positive regulation of viral genome replication	1/4	genes3.txt	1	SRPK1
GO:0045071	negative regulation of viral genome replication	1/4	genes3.txt	1	SRPK1
GO:0045089	positive regulation of innate immune response	1/4	genes4.txt	1	ADAM8
GO:0045190	isotype switching	2/4	genes2.txt, genes4.txt	1	EXO1
GO:0045216	cell-cell junction organization	1/4	genes4.txt	1	MARVELD3
GO:0045332	phospholipid translocation	2/4	genes1.txt, genes4.txt	3	KCNN4/ ATP10B/ ABCA4
GO:0045444	fat cell differentiation	2/4	genes2.txt, genes4.txt	2	HMGA2/ ADGRF1
GO:0045446	endothelial cell differentiation	1/4	genes3.txt	1	MESP1
GO:0045596	negative regulation of cell differentiation	1/4	genes2.txt	1	PRAME
GO:0045597	positive regulation of cell differentiation	1/4	genes2.txt	1	SOX2
GO:0045618	positive regulation of keratinocyte differentiation	1/4	genes4.txt	2	ETV4/ CYP27B1
GO:0045648	positive regulation of erythrocyte differentiation	1/4	genes3.txt	1	STAT1
GO:0045654	positive regulation of megakaryocyte differentiation	1/4	genes3.txt	1	TESC
GO:0045662	negative regulation of myoblast differentiation	2/4	genes1.txt, genes3.txt	1	SOX4
GO:0045664	regulation of neuron differentiation	2/4	genes2.txt, genes4.txt	1	SIX1
GO:0045732	positive regulation of protein catabolic process	1/4	genes2.txt	1	DTL
GO:0045736	negative regulation of cyclin-dependent protein serine/threonine kinase activity	1/4	genes2.txt	1	CDKN2A
GO:0045746	negative regulation of Notch signaling pathway	1/4	genes4.txt	1	DLL3
GO:0045747	positive regulation of Notch signaling pathway	1/4	genes3.txt	1	MESP1
GO:0045786	negative regulation of cell cycle	2/4	genes1.txt, genes4.txt	2	GMNN/ CDT1
GO:0045787	positive regulation of cell cycle	1/4	genes2.txt	1	CHEK1
GO:0045807	positive regulation of endocytosis	1/4	genes3.txt	1	CCL19
GO:0045814	negative regulation of gene expression, epigenetic	1/4	genes2.txt	2	EZH2/ CHEK1
GO:0045859	regulation of protein kinase activity	2/4	genes1.txt, genes2.txt	1	ECT2
GO:0045860	positive regulation of protein kinase activity	2/4	genes2.txt, genes3.txt	2	CENPE/ CCL19
GO:0045861	negative regulation of proteolysis	1/4	genes3.txt	1	SERPINE2
GO:0045862	positive regulation of proteolysis	1/4	genes1.txt	1	PERP
GO:0045869	negative regulation of single stranded viral RNA replication via double stranded DNA intermediate	2/4	genes1.txt, genes2.txt	2	APOBEC3B/ HMGA2
GO:0045879	negative regulation of smoothened signaling pathway	1/4	genes3.txt	1	SERPINE2
GO:0045880	positive regulation of smoothened signaling pathway	1/4	genes3.txt	1	FOXA1
GO:0045930	negative regulation of mitotic cell cycle	2/4	genes1.txt, genes2.txt	1	MAD2L1
GO:0045948	positive regulation of translational initiation	1/4	genes4.txt	1	UHMK1
GO:0045956	positive regulation of calcium ion-dependent exocytosis	2/4	genes3.txt, genes4.txt	2	STX1A/ SYT7
GO:0046328	regulation of JNK cascade	1/4	genes1.txt	1	F2RL1
GO:0046329	negative regulation of JNK cascade	2/4	genes1.txt, genes4.txt	2	F2RL1/ MARVELD3
GO:0046330	positive regulation of JNK cascade	2/4	genes1.txt, genes3.txt	2	F2RL1/ CCL19
GO:0046427	positive regulation of receptor signaling pathway via JAK-STAT	1/4	genes3.txt	1	OCIAD2
GO:0046475	glycerophospholipid catabolic process	1/4	genes1.txt	1	PLA2G4A
GO:0046549	retinal cone cell development	1/4	genes3.txt	1	THY1
GO:0046578	regulation of Ras protein signal transduction	2/4	genes2.txt, genes4.txt	1	FOXM1
GO:0046597	negative regulation of viral entry into host cell	1/4	genes2.txt	1	TRIM59
GO:0046626	regulation of insulin receptor signaling pathway	1/4	genes3.txt	1	MZB1
GO:0046655	folic acid metabolic process	2/4	genes1.txt, genes3.txt	2	MTHFD2/ SHMT2
GO:0046676	negative regulation of insulin secretion	1/4	genes1.txt	1	F2RL1
GO:0046685	response to arsenic-containing substance	2/4	genes1.txt, genes2.txt	1	GCLC
GO:0046827	positive regulation of protein export from nucleus	1/4	genes4.txt	1	SFN
GO:0046849	bone remodeling	1/4	genes1.txt	1	LGR4
GO:0046854	phosphatidylinositol phosphate biosynthetic process	2/4	genes3.txt, genes4.txt	1	ITPKA
GO:0046902	regulation of mitochondrial membrane permeability	1/4	genes1.txt	1	PMAIP1
GO:0048024	regulation of mRNA splicing, via spliceosome	1/4	genes3.txt	1	SRPK1
GO:0048041	focal adhesion assembly	1/4	genes3.txt	1	THY1
GO:0048167	regulation of synaptic plasticity	2/4	genes3.txt, genes4.txt	2	ITPKA/ KCNQ3
GO:0048247	lymphocyte chemotaxis	2/4	genes3.txt, genes4.txt	2	CCL19/ ADAM8
GO:0048251	elastic fiber assembly	2/4	genes1.txt, genes2.txt	1	COL3A1
GO:0048255	mRNA stabilization	1/4	genes1.txt	1	PAIP1
GO:0048260	positive regulation of receptor-mediated endocytosis	1/4	genes3.txt	1	CCL19
GO:0048278	vesicle docking	2/4	genes3.txt, genes4.txt	1	STX1A
GO:0048333	mesodermal cell differentiation	1/4	genes2.txt	1	HMGA2
GO:0048469	cell maturation	1/4	genes3.txt	1	CCL19
GO:0048485	sympathetic nervous system development	2/4	genes1.txt, genes3.txt	1	SOX4
GO:0048488	synaptic vesicle endocytosis	2/4	genes3.txt, genes4.txt	1	STX1A
GO:0048535	lymph node development	1/4	genes3.txt	1	LTB
GO:0048546	digestive tract morphogenesis	2/4	genes1.txt, genes3.txt	1	AGR2
GO:0048565	digestive tract development	2/4	genes1.txt, genes2.txt	2	COL3A1/ LGR4
GO:0048661	positive regulation of smooth muscle cell proliferation	1/4	genes3.txt	1	STAT1
GO:0048711	positive regulation of astrocyte differentiation	1/4	genes3.txt	1	SERPINE2
GO:0048741	skeletal muscle fiber development	2/4	genes2.txt, genes4.txt	1	SIX1
GO:0048754	branching morphogenesis of an epithelial tube	1/4	genes3.txt	1	TIMELESS
GO:0048791	calcium ion-regulated exocytosis of neurotransmitter	2/4	genes3.txt, genes4.txt	1	SYT7
GO:0048812	neuron projection morphogenesis	1/4	genes2.txt	1	UGT8
GO:0048813	dendrite morphogenesis	1/4	genes1.txt	1	TMEM106B
GO:0048843	negative regulation of axon extension involved in axon guidance	1/4	genes3.txt	1	SEMA4B
GO:0048863	stem cell differentiation	2/4	genes1.txt, genes2.txt	4	EPCAM/ HMGA2/ EZH2/ KRT14
GO:0048870	cell motility	1/4	genes2.txt	1	DST
GO:0050482	arachidonic acid secretion	1/4	genes1.txt	1	PLA2G4A
GO:0050684	regulation of mRNA processing	1/4	genes3.txt	1	SRPK1
GO:0050714	positive regulation of protein secretion	2/4	genes1.txt, genes4.txt	2	KCNN4/ ADAM8
GO:0050727	regulation of inflammatory response	2/4	genes1.txt, genes4.txt	2	TNC/ IL37
GO:0050731	positive regulation of peptidyl-tyrosine phosphorylation	2/4	genes1.txt, genes3.txt	1	MIF
GO:0050764	regulation of phagocytosis	2/4	genes3.txt, genes4.txt	1	SYT7
GO:0050767	regulation of neurogenesis	1/4	genes3.txt	1	HES6
GO:0050768	negative regulation of neurogenesis	1/4	genes4.txt	1	DLL3
GO:0050771	negative regulation of axonogenesis	1/4	genes3.txt	1	THY1
GO:0050776	regulation of immune response	2/4	genes3.txt, genes4.txt	1	FGL1
GO:0050777	negative regulation of immune response	2/4	genes1.txt, genes2.txt	1	COL3A1
GO:0050790	regulation of catalytic activity	1/4	genes3.txt	1	PARP1
GO:0050796	regulation of insulin secretion	2/4	genes3.txt, genes4.txt	3	UQCC2/ STX1A/ SYT7
GO:0050829	defense response to Gram-negative bacterium	2/4	genes1.txt, genes2.txt	1	IGHM
GO:0050830	defense response to Gram-positive bacterium	2/4	genes2.txt, genes4.txt	1	KRT6A
GO:0050832	defense response to fungus	2/4	genes1.txt, genes3.txt	1	GAPDH
GO:0050852	T cell receptor signaling pathway	2/4	genes1.txt, genes3.txt	2	TNFRSF21/ THY1
GO:0050860	negative regulation of T cell receptor signaling pathway	1/4	genes3.txt	1	THY1
GO:0050862	positive regulation of T cell receptor signaling pathway	1/4	genes1.txt	1	KCNN4
GO:0050868	negative regulation of T cell activation	2/4	genes3.txt, genes4.txt	1	FGL1
GO:0050870	positive regulation of T cell activation	2/4	genes1.txt, genes3.txt	2	HSPD1/ THY1
GO:0050877	nervous system process	2/4	genes3.txt, genes4.txt	1	HTR3A
GO:0050896	response to stimulus	1/4	genes4.txt	1	MYO3B
GO:0050900	leukocyte migration	1/4	genes1.txt	1	F2RL1
GO:0050901	leukocyte tethering or rolling	2/4	genes3.txt, genes4.txt	1	PODXL2
GO:0050905	neuromuscular process	1/4	genes2.txt	1	UCHL1
GO:0050918	positive chemotaxis	2/4	genes1.txt, genes3.txt	1	MIF
GO:0050919	negative chemotaxis	1/4	genes3.txt	1	SEMA4B
GO:0050921	positive regulation of chemotaxis	2/4	genes1.txt, genes3.txt	3	TPBG/ F2RL1/ CCL19
GO:0050927	positive regulation of positive chemotaxis	1/4	genes1.txt	1	F2RL1
GO:0050982	detection of mechanical stimulus	1/4	genes2.txt	1	JUP
GO:0051017	actin filament bundle assembly	1/4	genes4.txt	2	ESPN/ BAIAP2L2
GO:0051044	positive regulation of membrane protein ectodomain proteolysis	1/4	genes4.txt	1	ADAM8
GO:0051085	chaperone cofactor-dependent protein refolding	2/4	genes2.txt, genes3.txt	2	ERO1A/ SDF2L1
GO:0051091	positive regulation of DNA-binding transcription factor activity	2/4	genes2.txt, genes3.txt	2	JUP/ FOXA1
GO:0051092	positive regulation of NF-kappaB transcription factor activity	2/4	genes2.txt, genes4.txt	2	NTS/ ADAM8
GO:0051131	chaperone-mediated protein complex assembly	1/4	genes1.txt	1	HSPD1
GO:0051156	glucose 6-phosphate metabolic process	1/4	genes1.txt	1	GPI
GO:0051209	release of sequestered calcium ion into cytosol	2/4	genes2.txt, genes3.txt	2	ERO1A/ CCL19
GO:0051247	positive regulation of protein metabolic process	2/4	genes2.txt, genes4.txt	1	UHRF1
GO:0051262	protein tetramerization	1/4	genes3.txt	1	SHMT2
GO:0051281	positive regulation of release of sequestered calcium ion into cytosol	1/4	genes3.txt	4	CD19/ THY1/ CEMIP/ CXCL9
GO:0051290	protein heterotetramerization	2/4	genes1.txt, genes2.txt	1	RRM2
GO:0051302	regulation of cell division	1/4	genes2.txt	1	KIF18B
GO:0051315	attachment of mitotic spindle microtubules to kinetochore	2/4	genes2.txt, genes4.txt	5	NUF2/ NDC80/ KIF2C/ CENPE/ CDT1
GO:0051403	stress-activated MAPK cascade	2/4	genes1.txt, genes2.txt	1	PBK
GO:0051450	myoblast proliferation	2/4	genes2.txt, genes4.txt	1	SIX1
GO:0051491	positive regulation of filopodium assembly	1/4	genes4.txt	1	MYO3B
GO:0051496	positive regulation of stress fiber assembly	1/4	genes2.txt	1	PFN2
GO:0051497	negative regulation of stress fiber assembly	1/4	genes3.txt	1	RHPN2
GO:0051592	response to calcium ion	2/4	genes3.txt, genes4.txt	1	ITPKA
GO:0051603	proteolysis involved in protein catabolic process	1/4	genes1.txt	1	FAP
GO:0051604	protein maturation	2/4	genes1.txt, genes3.txt	2	HSPD1/ TESC
GO:0051607	defense response to virus	2/4	genes1.txt, genes3.txt	6	PMAIP1/ F2RL1/ APOBEC3B/ CXCL9/ STAT1/ MX2
GO:0051660	establishment of centrosome localization	2/4	genes1.txt, genes2.txt	1	MAD2L1
GO:0051764	actin crosslink formation	1/4	genes4.txt	1	BAIAP2L2
GO:0051770	positive regulation of nitric-oxide synthase biosynthetic process	1/4	genes3.txt	1	STAT1
GO:0051775	response to redox state	2/4	genes1.txt, genes2.txt	1	SLC7A11
GO:0051873	killing by host of symbiont cells	2/4	genes1.txt, genes3.txt	1	GAPDH
GO:0051881	regulation of mitochondrial membrane potential	1/4	genes4.txt	1	PYCR1
GO:0051894	positive regulation of focal adhesion assembly	1/4	genes3.txt	1	THY1
GO:0051898	negative regulation of phosphatidylinositol 3-kinase/protein kinase B signal transduction	2/4	genes2.txt, genes4.txt	2	TWIST1/ XDH
GO:0051918	negative regulation of fibrinolysis	2/4	genes1.txt, genes3.txt	1	PLAU
GO:0051932	synaptic transmission, GABAergic	2/4	genes1.txt, genes2.txt	2	TPBG/ EZH2
GO:0051966	regulation of synaptic transmission, glutamatergic	1/4	genes3.txt	1	SERPINE2
GO:0052695	cellular glucuronidation	1/4	genes2.txt	2	UGT1A3/ UGT1A1
GO:0055001	muscle cell development	1/4	genes2.txt	1	UCHL1
GO:0055074	calcium ion homeostasis	1/4	genes4.txt	1	CYP27B1
GO:0060070	canonical Wnt signaling pathway	1/4	genes2.txt	1	JUP
GO:0060074	synapse maturation	1/4	genes4.txt	1	SEZ6L2
GO:0060079	excitatory postsynaptic potential	2/4	genes3.txt, genes4.txt	1	HTR3A
GO:0060100	positive regulation of phagocytosis, engulfment	1/4	genes1.txt	1	F2RL1
GO:0060135	maternal process involved in female pregnancy	2/4	genes1.txt, genes2.txt	1	DSG2
GO:0060252	positive regulation of glial cell proliferation	2/4	genes1.txt, genes3.txt	1	SLC7A5
GO:0060291	long-term synaptic potentiation	1/4	genes3.txt	1	SERPINE2
GO:0060314	regulation of ryanodine-sensitive calcium-release channel activity	1/4	genes3.txt	1	JSRP1
GO:0060326	cell chemotaxis	2/4	genes1.txt, genes4.txt	3	CXCL14/ TPBG/ ARHGEF16
GO:0060333	type II interferon-mediated signaling pathway	1/4	genes3.txt	1	STAT1
GO:0060337	type I interferon-mediated signaling pathway	1/4	genes3.txt	1	STAT1
GO:0060347	heart trabecula formation	2/4	genes1.txt, genes3.txt	1	FHL2
GO:0060391	positive regulation of SMAD protein signal transduction	1/4	genes3.txt	1	PARP1
GO:0060395	SMAD protein signal transduction	1/4	genes1.txt	1	GDF15
GO:0060412	ventricular septum morphogenesis	2/4	genes1.txt, genes3.txt	1	SOX4
GO:0060416	response to growth hormone	2/4	genes1.txt, genes2.txt	1	SRD5A1
GO:0060441	epithelial tube branching involved in lung morphogenesis	1/4	genes3.txt	1	FOXA1
GO:0060563	neuroepithelial cell differentiation	2/4	genes1.txt, genes3.txt	1	SOX4
GO:0060576	intestinal epithelial cell development	2/4	genes3.txt, genes4.txt	1	SPDEF
GO:0060586	multicellular organismal-level iron ion homeostasis	2/4	genes3.txt, genes4.txt	2	EIF2AK1/ TMPRSS6
GO:0060707	trophoblast giant cell differentiation	1/4	genes2.txt	2	E2F8/ E2F7
GO:0060998	regulation of dendritic spine development	1/4	genes4.txt	1	KIF1A
GO:0061001	regulation of dendritic spine morphogenesis	1/4	genes4.txt	1	KIF1A
GO:0061003	positive regulation of dendritic spine morphogenesis	2/4	genes3.txt, genes4.txt	1	ITPKA
GO:0061024	membrane organization	1/4	genes4.txt	1	BAIAP2L2
GO:0061028	establishment of endothelial barrier	1/4	genes1.txt	1	F2RL1
GO:0061045	negative regulation of wound healing	2/4	genes1.txt, genes3.txt	1	CLDN3
GO:0061077	chaperone-mediated protein folding	2/4	genes1.txt, genes3.txt	2	PDIA4/ FKBP11
GO:0061436	establishment of skin barrier	2/4	genes1.txt, genes4.txt	3	CLDN4/ SFN/ LSR
GO:0061621	canonical glycolysis	2/4	genes1.txt, genes3.txt	3	ENO1/ PFKP/ ENO3
GO:0061644	protein localization to CENP-A containing chromatin	1/4	genes4.txt	1	CENPA
GO:0070050	neuron cellular homeostasis	2/4	genes1.txt, genes3.txt	2	TMEM106B/ ATP2A2
GO:0070059	intrinsic apoptotic signaling pathway in response to endoplasmic reticulum stress	2/4	genes2.txt, genes3.txt	1	ERO1A
GO:0070131	positive regulation of mitochondrial translation	1/4	genes3.txt	1	UQCC2
GO:0070166	enamel mineralization	1/4	genes2.txt	1	WDR72
GO:0070207	protein homotrimerization	2/4	genes1.txt, genes3.txt	1	MIF
GO:0070213	protein auto-ADP-ribosylation	1/4	genes3.txt	1	PARP1
GO:0070254	mucus secretion	2/4	genes1.txt, genes3.txt	1	AGR2
GO:0070269	pyroptosis	1/4	genes4.txt	1	GSDMB
GO:0070306	lens fiber cell differentiation	2/4	genes1.txt, genes2.txt	1	SLC7A11
GO:0070314	G1 to G0 transition	2/4	genes2.txt, genes4.txt	2	EZH2/ CYP27B1
GO:0070327	thyroid hormone transport	2/4	genes1.txt, genes3.txt	1	SLC7A5
GO:0070365	hepatocyte differentiation	1/4	genes2.txt	2	E2F8/ E2F7
GO:0070372	regulation of ERK1 and ERK2 cascade	1/4	genes2.txt	1	FAM83D
GO:0070374	positive regulation of ERK1 and ERK2 cascade	2/4	genes1.txt, genes3.txt	5	MIF/ TPBG/ CHI3L1/ F2RL1/ CCL19
GO:0070493	thrombin-activated receptor signaling pathway	1/4	genes1.txt	1	F2RL1
GO:0070536	protein K63-linked deubiquitination	1/4	genes3.txt	1	SHMT2
GO:0070555	response to interleukin-1	2/4	genes1.txt, genes2.txt	2	CHI3L1/ GCLC
GO:0070588	calcium ion transmembrane transport	1/4	genes3.txt	1	ATP2A2
GO:0070593	dendrite self-avoidance	1/4	genes4.txt	1	IGSF9
GO:0070848	response to growth factor	1/4	genes2.txt	1	SOX2
GO:0070885	negative regulation of calcineurin-NFAT signaling cascade	2/4	genes1.txt, genes3.txt	1	FHL2
GO:0071168	protein localization to chromatin	2/4	genes2.txt, genes3.txt	2	EZH2/ PARP1
GO:0071285	cellular response to lithium ion	1/4	genes1.txt	1	CDH1
GO:0071294	cellular response to zinc ion	1/4	genes3.txt	1	PARP1
GO:0071305	cellular response to vitamin D	1/4	genes1.txt	1	TNC
GO:0071313	cellular response to caffeine	1/4	genes2.txt	1	CHEK1
GO:0071320	cellular response to cAMP	2/4	genes1.txt, genes2.txt	1	SRD5A1
GO:0071346	cellular response to type II interferon	2/4	genes1.txt, genes3.txt	3	GAPDH/ CCL19/ STAT1
GO:0071347	cellular response to interleukin-1	1/4	genes3.txt	1	CCL19
GO:0071353	cellular response to interleukin-4	1/4	genes2.txt	1	MCM2
GO:0071361	cellular response to ethanol	1/4	genes2.txt	1	UGT1A1
GO:0071363	cellular response to growth factor stimulus	2/4	genes1.txt, genes2.txt	2	SRD5A1/ TWIST1
GO:0071372	cellular response to follicle-stimulating hormone stimulus	2/4	genes1.txt, genes2.txt	1	GCLC
GO:0071385	cellular response to glucocorticoid stimulus	2/4	genes2.txt, genes4.txt	2	UGT1A1/ SSTR2
GO:0071498	cellular response to fluid shear stress	1/4	genes1.txt	1	TFPI2
GO:0071526	semaphorin-plexin signaling pathway	1/4	genes3.txt	1	SEMA4B
GO:0071542	dopaminergic neuron differentiation	1/4	genes3.txt	2	FOXA1/ MANF
GO:0071639	positive regulation of monocyte chemotactic protein-1 production	1/4	genes2.txt	1	TWIST1
GO:0071712	ER-associated misfolded protein catabolic process	1/4	genes3.txt	1	SDF2L1
GO:0071732	cellular response to nitric oxide	2/4	genes2.txt, genes4.txt	1	CCNA2
GO:0071872	cellular response to epinephrine stimulus	2/4	genes1.txt, genes2.txt	1	SRD5A1
GO:0071902	positive regulation of protein serine/threonine kinase activity	1/4	genes2.txt	2	HMGA2/ EZH2
GO:0072089	stem cell proliferation	1/4	genes4.txt	1	SFN
GO:0072332	intrinsic apoptotic signaling pathway by p53 class mediator	2/4	genes1.txt, genes3.txt	3	PMAIP1/ PERP/ E2F2
GO:0072520	seminiferous tubule development	1/4	genes2.txt	1	BRIP1
GO:0072593	reactive oxygen species metabolic process	1/4	genes1.txt	1	PMAIP1
GO:0072711	cellular response to hydroxyurea	1/4	genes3.txt	1	TIMELESS
GO:0075522	IRES-dependent viral translational initiation	1/4	genes4.txt	1	DENR
GO:0080111	DNA demethylation	1/4	genes1.txt	1	APOBEC3B
GO:0086100	endothelin receptor signaling pathway	2/4	genes2.txt, genes4.txt	1	SIX1
GO:0089718	amino acid import across plasma membrane	2/4	genes1.txt, genes3.txt	1	SLC7A5
GO:0090102	cochlea development	2/4	genes2.txt, genes4.txt	2	CCNA2/ MCM2
GO:0090162	establishment of epithelial cell polarity	2/4	genes2.txt, genes4.txt	1	FERMT1
GO:0090303	positive regulation of wound healing	2/4	genes1.txt, genes3.txt	2	CLDN3/ CLDN4
GO:0090305	nucleic acid phosphodiester bond hydrolysis	1/4	genes3.txt	1	FEN1
GO:0090314	positive regulation of protein targeting to membrane	1/4	genes3.txt	1	CEMIP
GO:0090331	negative regulation of platelet aggregation	1/4	genes3.txt	1	SERPINE2
GO:0090336	positive regulation of brown fat cell differentiation	2/4	genes2.txt, genes4.txt	1	SIX1
GO:0090385	phagosome-lysosome fusion	2/4	genes3.txt, genes4.txt	1	SYT7
GO:0090399	replicative senescence	1/4	genes2.txt	2	CHEK1/ CDKN2A
GO:0090656	t-circle formation	2/4	genes2.txt, genes4.txt	1	EXO1
GO:0095500	acetylcholine receptor signaling pathway	1/4	genes4.txt	1	LYPD1
GO:0097062	dendritic spine maintenance	2/4	genes3.txt, genes4.txt	1	ITPKA
GO:0097186	amelogenesis	1/4	genes1.txt	1	PERP
GO:0097202	activation of cysteine-type endopeptidase activity	1/4	genes1.txt	1	PERP
GO:0097264	self proteolysis	1/4	genes4.txt	1	TMPRSS6
GO:0097284	hepatocyte apoptotic process	2/4	genes1.txt, genes3.txt	1	KRT8
GO:0097428	protein maturation by iron-sulfur cluster transfer	1/4	genes3.txt	1	BOLA2
GO:0097746	blood vessel diameter maintenance	2/4	genes1.txt, genes2.txt	2	GCLC/ NTS
GO:0098655	monoatomic cation transmembrane transport	1/4	genes4.txt	1	SLC29A4
GO:0098656	monoatomic anion transmembrane transport	1/4	genes1.txt	1	ABCC3
GO:0098662	inorganic cation transmembrane transport	2/4	genes3.txt, genes4.txt	1	HTR3A
GO:0098761	cellular response to interleukin-7	2/4	genes1.txt, genes3.txt	2	HSPD1/ ATIC
GO:0098976	excitatory chemical synaptic transmission	1/4	genes4.txt	1	KCNQ3
GO:0099171	presynaptic modulation of chemical synaptic transmission	1/4	genes2.txt	1	PFN2
GO:0120162	positive regulation of cold-induced thermogenesis	2/4	genes1.txt, genes3.txt	1	LCN2
GO:0120163	negative regulation of cold-induced thermogenesis	1/4	genes1.txt	1	LGR4
GO:0140115	export across plasma membrane	1/4	genes4.txt	1	SLC29A4
GO:0140467	integrated stress response signaling	1/4	genes3.txt	2	NFE2L3/ EIF2AK1
GO:1900006	positive regulation of dendrite development	2/4	genes1.txt, genes2.txt	2	TMEM106B/ EZH2
GO:1900016	negative regulation of cytokine production involved in inflammatory response	1/4	genes2.txt	1	EZH2
GO:1900025	negative regulation of substrate adhesion-dependent cell spreading	2/4	genes1.txt, genes2.txt	1	POSTN
GO:1900181	negative regulation of protein localization to nucleus	1/4	genes3.txt	1	MAGED1
GO:1900242	regulation of synaptic vesicle endocytosis	2/4	genes3.txt, genes4.txt	1	SYT7
GO:1900407	regulation of cellular response to oxidative stress	2/4	genes1.txt, genes2.txt	1	SLC7A11
GO:1900745	positive regulation of p38MAPK cascade	1/4	genes4.txt	1	XDH
GO:1900747	negative regulation of vascular endothelial growth factor signaling pathway	1/4	genes4.txt	1	XDH
GO:1901029	negative regulation of mitochondrial outer membrane permeabilization involved in apoptotic signaling pathway	2/4	genes1.txt, genes2.txt	2	GCLC/ SLC35F6
GO:1901223	negative regulation of non-canonical NF-kappaB signal transduction	1/4	genes1.txt	1	TSPAN6
GO:1901381	positive regulation of potassium ion transmembrane transport	1/4	genes1.txt	1	KCNN4
GO:1901741	positive regulation of myoblast fusion	2/4	genes1.txt, genes3.txt	2	GDF15/ CXCL9
GO:1901998	toxin transport	1/4	genes4.txt	1	SLC29A4
GO:1902043	positive regulation of extrinsic apoptotic signaling pathway via death domain receptors	1/4	genes1.txt	1	PMAIP1
GO:1902166	negative regulation of intrinsic apoptotic signaling pathway in response to DNA damage by p53 class mediator	2/4	genes1.txt, genes3.txt	1	MIF
GO:1902237	positive regulation of endoplasmic reticulum stress-induced intrinsic apoptotic signaling pathway	1/4	genes1.txt	1	PMAIP1
GO:1902275	regulation of chromatin organization	1/4	genes2.txt	1	MKI67
GO:1902742	apoptotic process involved in development	1/4	genes2.txt	1	CHEK1
GO:1902807	negative regulation of cell cycle G1/S phase transition	1/4	genes2.txt	1	SOX2
GO:1902808	positive regulation of cell cycle G1/S phase transition	1/4	genes2.txt	2	EZH2/ FAM83D
GO:1902894	negative regulation of miRNA transcription	1/4	genes2.txt	1	TWIST1
GO:1902895	positive regulation of miRNA transcription	1/4	genes3.txt	1	FOXA1
GO:1903077	negative regulation of protein localization to plasma membrane	1/4	genes4.txt	1	LYPD1
GO:1903377	negative regulation of oxidative stress-induced neuron intrinsic apoptotic signaling pathway	1/4	genes4.txt	1	PYCR1
GO:1903428	positive regulation of reactive oxygen species biosynthetic process	1/4	genes4.txt	1	SLC5A3
GO:1903671	negative regulation of sprouting angiogenesis	1/4	genes3.txt	1	E2F2
GO:1903715	regulation of aerobic respiration	1/4	genes3.txt	1	SHMT2
GO:1903779	regulation of cardiac conduction	1/4	genes3.txt	1	ATP2A2
GO:1904044	response to aldosterone	1/4	genes3.txt	1	PARP1
GO:1904357	negative regulation of telomere maintenance via telomere lengthening	1/4	genes3.txt	1	PARP1
GO:1904385	cellular response to angiotensin	1/4	genes2.txt	2	CDC6/ BRIP1
GO:1904646	cellular response to amyloid-beta	1/4	genes3.txt	1	PARP1
GO:1905461	positive regulation of vascular associated smooth muscle cell apoptotic process	1/4	genes3.txt	1	E2F3
GO:1990090	cellular response to nerve growth factor stimulus	1/4	genes3.txt	1	PARP1
GO:1990403	embryonic brain development	2/4	genes2.txt, genes3.txt	1	TUBB2B
GO:1990918	double-strand break repair involved in meiotic recombination	1/4	genes2.txt	1	BRIP1
GO:2000036	regulation of stem cell population maintenance	1/4	genes2.txt	1	HMGA2
GO:2000042	negative regulation of double-strand break repair via homologous recombination	2/4	genes2.txt, genes4.txt	2	RMI2/ POLQ
GO:2000045	regulation of G1/S transition of mitotic cell cycle	1/4	genes2.txt	2	KIF14/ CDKN2A
GO:2000048	negative regulation of cell-cell adhesion mediated by cadherin	1/4	genes1.txt	1	EPCAM
GO:2000049	positive regulation of cell-cell adhesion mediated by cadherin	1/4	genes3.txt	1	FOXA1
GO:2000134	negative regulation of G1/S transition of mitotic cell cycle	1/4	genes2.txt	2	EZH2/ E2F7
GO:2000147	positive regulation of cell motility	2/4	genes2.txt, genes3.txt	2	TWIST1/ CCL19
GO:2000279	negative regulation of DNA biosynthetic process	1/4	genes2.txt	1	CHEK1
GO:2000288	positive regulation of myoblast proliferation	2/4	genes2.txt, genes4.txt	1	SIX1
GO:2000300	regulation of synaptic vesicle exocytosis	1/4	genes2.txt	1	PFN2
GO:2000377	regulation of reactive oxygen species metabolic process	2/4	genes2.txt, genes4.txt	1	FOXM1
GO:2000379	positive regulation of reactive oxygen species metabolic process	2/4	genes2.txt, genes4.txt	2	AKR1C1/ XDH
GO:2000463	positive regulation of excitatory postsynaptic potential	2/4	genes3.txt, genes4.txt	1	STX1A
GO:2000573	positive regulation of DNA biosynthetic process	2/4	genes2.txt, genes4.txt	1	CCNA2
GO:2000647	negative regulation of stem cell proliferation	2/4	genes2.txt, genes4.txt	2	FERMT1/ SFN
GO:2000648	positive regulation of stem cell proliferation	2/4	genes1.txt, genes2.txt	2	EPCAM/ HMGA2
GO:2000679	positive regulation of transcription regulatory region DNA binding	1/4	genes2.txt	1	TWIST1
GO:2000737	negative regulation of stem cell differentiation	1/4	genes2.txt	1	EZH2
GO:2000767	positive regulation of cytoplasmic translation	1/4	genes1.txt	1	PAIP1
GO:2000779	regulation of double-strand break repair	1/4	genes4.txt	1	MBTD1
GO:2001171	positive regulation of ATP biosynthetic process	1/4	genes1.txt	1	ENO1
GO:2001223	negative regulation of neuron migration	2/4	genes1.txt, genes2.txt	1	COL3A1
GO:2001235	positive regulation of apoptotic signaling pathway	1/4	genes3.txt	1	MAGED1
GO:2001237	negative regulation of extrinsic apoptotic signaling pathway	2/4	genes1.txt, genes2.txt	1	GCLC
GO:2001238	positive regulation of extrinsic apoptotic signaling pathway	1/4	genes3.txt	1	LTB
GO:2001244	positive regulation of intrinsic apoptotic signaling pathway	1/4	genes1.txt	1	PMAIP1
